Tip Matrice,Tip alocare,Nr threads,Timp executie
,,2,53
,,2,22.3583
,,2,
,,2,1.61047
,,2,1.9243
,,2,2.47949
,,8,2.60442
,,2,1.50798
,,1,814.5385
,,2,810.847
,,4,847.8757
,,8,783.9679
,,16,835.3162
,,1,148.7922
,,2,140.1802
,,4,133.0311
,,8,126.7109
,,16,122.8529
,,1,86.08605
,,2,83.58251
,,4,82.69351
,,8,83.33145
,,16,83.75453
,,2,1.36432
