Tip Matrice,Nr threads,Timp executie
,1,52.8
,4,74.77495
,6,78.17484
,8,84.08233
,8,52.4
,4,2.36798
,4,63.68271
,8,76.28023
,8,70.55499
,2,0
,2,0
,4,66.79811
,6,62.76609
,8,63.95851
,8,67.9051
,6,64.64001
,4,75.2035
,4,90.12467
,6,83.37585
,8,82.90701
,8,79.45251
,6,80.2574
,4,81.45437
,4,54.1
